src_ip,0,1,2,3,4,5,6,7,8,9,10,11,12,13,14,15,16,17,18,19,20,21,22,23,24,25,26,27,28,29,30,31,32,33,34,35,36,37,38,39,40,41,42,43,44,45,46,47,48,49,50,51,52,53,54,55,56,57,58,59,60,61,62,63,64,65,66,67,68,69,70,71,72,73,74,75,76,77,78,79,80,81,82,83,84,85,86,87,88,89,90,91,92,93,94,95,96,97,98,99,100,101,102,103,104,105,106,107,108,109,110,111,112,113,114,115,116,117,118,119,120,121,122,123,124,125,126,127
192.168.1.7,-174.36626,-3869.4546,-8376.186,13166.156,-11631.547,19109.621,5702.3564,7291.2925,40897.04,-484.0527,4913.647,-424.57907,-6828.406,-6326.609,-18485.326,-4250.8423,18821.1,21703.918,-3531.3872,-14607.536,-7182.2095,23061.984,-1533.2747,1247.4982,7648.0464,23870.64,-3520.3845,-1556.2283,-20027.46,-17067.266,5394.119,22894.768,10426.58,-19893.496,-7340.6836,-31810.521,-3691.3713,5722.6562,6080.9014,4271.964,-33698.875,-14549.492,3719.5312,-533.2829,-2817.0647,-12276.261,11963.281,677.31274,4701.044,3839.604,-5790.4717,22280.604,-25195.572,-6878.027,-24367.12,37003.8,14449.145,5922.756,2584.374,3039.598,17088.637,9213.018,1999.4568,21197.867,-2108.8074,-2615.2073,-6298.6123,-18585.295,6894.958,-12915.012,1990.085,-10118.646,600.41724,-7555.7383,-8649.063,-3253.1587,10550.141,19121.521,3258.044,39.40142,-441.5809,8052.5186,2330.7463,2182.8193,-14769.914,-12962.375,1829.3119,-18249.215,3524.1648,18519.303,12372.864,-23714.043,-21949.25,19392.742,-1238.4548,-1199.1504,6277.302,-3765.4187,363.87607,27334.53,4372.248,-15600.635,29649.559,-2028.3566,21601.994,41893.39,-18855.457,-19172.674,-25483.27,15112.465,-16937.639,285.70145,-8269.292,-3118.096,22895.8,-9727.254,9744.538,7132.8843,31569.662,-952.1339,3621.57,-5779.466,3163.0095,1112.5426,7633.2217,-19124.68,-3165.669,13273.315
192.168.1.10,4216.431,-7926.6997,-16671.955,29449.594,-12398.531,26246.186,11010.548,6249.127,56631.53,312.6097,2797.1218,1624.2761,-2640.8088,-4112.4233,-18868.527,2714.686,27197.213,22130.842,-6768.0615,-16631.912,-8662.452,31441.654,-821.9901,1569.588,6919.095,35507.363,-4381.4736,2609.4778,-20618.785,-21723.082,10438.835,35263.418,12875.817,-24893.004,-12550.883,-43624.227,-5159.6885,17061.736,3473.3167,5380.3047,-40025.926,-13004.432,-443.19296,1653.2286,-4509.6567,-12462.343,19866.613,6.588407,6287.2407,4094.9824,-4458.1987,41049.438,-30771.137,-10101.663,-31262.283,50102.938,23201.0,5040.707,8170.6807,5021.576,27503.098,13963.664,1385.231,29803.441,6670.287,-1643.128,-4900.4507,-22479.156,5212.254,-15591.91,5429.7817,-11341.645,2184.7053,-14129.532,-15095.501,-3637.4456,16926.383,24587.719,-1928.6772,4493.2393,7887.67,10687.872,5622.0776,-2740.7625,-17348.275,-12407.365,4089.2139,-25012.002,2589.8296,30001.012,15612.41,-33803.426,-21946.207,27126.738,-2384.7283,989.2681,9077.721,-3184.0479,-2673.05,37166.145,3812.592,-10873.642,32384.105,-4667.5757,30248.68,62457.676,-23932.172,-18233.512,-33286.613,19360.76,-27218.553,-2518.9028,-12796.122,-4898.9287,34517.742,-8019.8486,4729.7163,8656.93,46241.96,-814.545,10605.928,-8086.1016,-2362.4675,-335.89838,6882.1685,-29296.002,-8103.012,16834.164
192.168.1.8,6442.637,-11530.961,-24896.137,46989.9,-15925.272,35469.18,15076.994,7145.188,78058.37,604.2728,2619.7515,5427.041,1284.2386,-2781.1216,-22885.36,10053.461,36318.742,24914.188,-9230.499,-19455.627,-13430.861,41164.527,-133.58276,342.62503,8046.8667,49782.992,-6763.4556,6646.6343,-25092.684,-29527.938,16153.995,48300.01,14643.419,-32111.838,-19023.39,-58783.523,-5194.0103,28663.586,3798.3828,7878.0435,-51297.12,-13261.579,-1430.2688,3499.0125,-5619.54,-12962.01,30686.447,-310.06308,6523.372,4466.264,-5285.845,60383.05,-40472.543,-15467.966,-41191.348,68237.164,34053.234,4985.6475,14446.614,6418.7773,39548.76,19487.176,958.54767,41373.152,14571.318,35.13201,-6641.1978,-28197.53,3935.626,-20814.416,8181.5645,-15863.015,3527.332,-21419.275,-23332.285,-6107.0283,22315.23,30602.709,-5544.455,10109.94,13163.702,16948.59,6617.8564,-9362.384,-21167.14,-15270.44,6129.489,-33498.555,1563.1387,45514.293,20739.395,-47087.016,-25408.078,36064.97,-3824.2275,3323.5686,12603.356,-2554.5127,-2779.0378,49057.57,3881.873,-9879.956,37703.78,-7585.7256,42131.004,87311.07,-31741.295,-22436.494,-45889.668,27682.945,-39075.473,-5113.903,-18536.021,-7053.896,48644.32,-6985.031,655.4441,11196.075,65070.8,-471.37396,16792.818,-11552.566,-7339.725,-398.1623,7769.095,-42207.363,-16784.586,20835.887
192.168.1.6,243.49141,-1925.1909,-4847.126,7919.0024,-4371.83,8977.642,3232.619,1828.6293,18525.244,522.30115,1741.5687,-136.53445,-2215.307,-1370.5498,-6566.316,-577.6003,8446.276,8656.376,-1692.7208,-5850.318,-2899.3362,10046.297,-101.94661,757.37366,2374.4976,12140.712,-838.1349,-306.4251,-7972.5093,-7953.068,3230.3113,11104.017,4193.102,-9046.689,-4369.2754,-14642.996,-1882.1617,4159.7383,2172.8928,1757.9619,-14297.296,-5247.6245,554.0267,-438.4354,-1220.8206,-5259.363,6629.2295,92.17848,1473.2329,1511.2891,-1986.619,12180.337,-11562.695,-2916.4377,-10916.348,17601.965,7095.605,2646.2803,1754.7306,1712.0764,8800.035,5103.537,1203.347,10045.904,1006.7933,-155.73659,-1966.8798,-8215.466,1656.3104,-5360.4023,723.75824,-3836.1895,-149.26808,-3958.1602,-4561.426,-1585.7609,5704.6353,8072.0547,409.49103,1063.4584,753.3299,3457.8213,1734.2867,367.9818,-6034.271,-5077.544,872.2389,-8346.31,913.5865,9690.152,5306.445,-10829.673,-8331.708,8738.886,-642.6539,-333.08023,3109.0059,-1097.3635,-651.02734,12738.114,1184.9781,-5081.9033,12508.023,-900.9484,10329.654,19291.176,-8339.145,-7790.66,-12299.792,7048.001,-8754.369,-688.2005,-3992.043,-1716.0486,10626.529,-2684.9404,2744.5771,3138.8972,14638.415,-398.89917,2312.188,-3670.381,644.11743,367.3657,3418.9978,-9774.115,-1876.9758,5892.5967
192.168.1.18,-660.19025,-2981.6775,-6608.6147,10021.98,-9616.532,15938.876,4041.9639,5304.6553,33045.344,382.6523,4412.687,-781.4394,-6109.1196,-4334.946,-14830.247,-3602.3474,14764.499,18253.938,-2710.6523,-11681.876,-5616.159,18240.857,-935.22064,852.68176,5754.172,20003.082,-2060.0684,-2042.4648,-16911.197,-14497.108,4362.5967,18519.977,8046.638,-16817.44,-6969.936,-26660.219,-2967.6973,4972.799,5659.67,3178.9707,-28246.738,-11934.947,3166.5864,-1523.9635,-1668.5587,-10544.107,10332.248,343.99667,3095.2214,3413.0369,-4840.8086,17546.414,-21758.893,-4992.0483,-20126.104,31668.393,11936.78,5220.076,996.7359,2561.0723,14520.947,8157.5107,2782.4731,17900.316,-2109.662,-1505.8344,-5765.2383,-16024.315,4917.9863,-11192.958,1083.1637,-8330.238,11.087964,-6099.061,-7649.553,-3373.37,9065.505,15021.496,3206.6602,210.48405,-854.2789,6958.227,1998.2137,2034.9536,-12080.006,-11320.279,1254.1488,-14883.746,2714.565,15507.117,10525.153,-19156.232,-17802.781,15815.631,-1197.612,-1676.5479,5466.9917,-2862.5303,109.147766,22537.867,3268.3423,-13206.176,24768.516,-1005.8426,18039.658,32758.48,-15623.185,-17539.756,-22287.664,13175.463,-14195.229,-126.308975,-6757.9863,-2924.292,18353.814,-7333.26,7831.091,5778.081,25725.938,-576.4228,2468.4387,-5918.064,3268.9634,1417.306,6866.691,-16373.216,-2227.008,10976.481
192.168.1.1,-1129.1094,-9595.71,-15044.643,22417.416,-29186.902,42145.77,8480.92,20287.521,91831.96,-2383.187,13077.483,-1871.7073,-19433.703,-18220.268,-47853.68,-12883.273,41717.8,52253.203,-7261.9443,-35187.527,-16273.248,51725.527,-4320.619,1188.6003,20503.127,49881.47,-9171.061,-5141.6333,-49418.832,-37268.5,9604.717,48626.5,24317.88,-45289.59,-14941.383,-71419.695,-6937.379,9647.911,15702.722,10900.275,-80613.39,-36537.75,12994.794,-1194.4149,-5375.342,-28238.484,23308.512,1954.1033,10038.664,11401.746,-15134.342,42935.58,-56435.66,-16405.217,-55889.35,82415.83,31107.61,13892.844,2570.445,5694.5923,34930.457,17320.197,5004.5103,45507.812,-11481.113,-8057.3423,-17565.87,-43557.11,19414.184,-32764.26,3815.8335,-27277.773,2603.3105,-15030.951,-18725.2,-7755.0317,20035.438,43304.855,11065.945,-4010.9946,-3443.3677,19281.852,2424.03,5938.2573,-34704.195,-32596.07,5030.3135,-39915.316,10727.643,37319.477,30272.21,-52800.336,-53017.848,43571.36,-2643.839,-5618.7046,11887.425,-10044.775,2323.198,60467.395,12626.536,-42329.926,68427.64,-4302.2124,45924.895,91878.4,-43117.61,-48762.41,-56380.754,35029.883,-34183.316,2606.1057,-17759.58,-6784.256,51473.797,-25831.578,26218.23,15650.883,69846.61,-1267.7561,5070.171,-11427.95,11667.031,2677.9011,16939.674,-39489.39,-5256.536,31445.152
192.168.1.19,343.70575,-8821.923,-19911.803,31170.65,-26008.28,43228.29,13913.007,16060.444,92989.68,-861.74066,10871.711,-1008.9845,-14846.827,-13630.43,-41057.594,-8816.955,42998.598,48569.77,-8070.0503,-32905.22,-16274.95,52477.395,-3401.7024,3299.8816,17164.66,54845.54,-7845.662,-3018.2866,-44725.066,-38947.707,12715.15,52802.75,23796.555,-44756.152,-16873.793,-72071.71,-8627.239,13619.501,13019.796,9495.414,-75649.34,-32343.418,7656.098,-926.0933,-6969.8027,-27791.902,27665.936,1403.542,10844.428,8341.514,-12641.781,52095.64,-56881.992,-15655.943,-55052.773,83935.09,32941.164,12905.458,6675.0806,7025.0034,39264.285,21048.65,4227.9863,48544.43,-3473.9421,-5886.6025,-13511.685,-41901.555,15230.732,-28772.293,4828.637,-22127.443,1344.3834,-17525.76,-19433.777,-7079.7646,24403.678,43648.676,6749.3857,491.49155,-425.03815,17811.146,5591.446,4701.5176,-33507.258,-28776.307,4299.7485,-41522.504,7734.8516,42675.316,27896.336,-54124.543,-49180.07,44115.707,-2785.6382,-2107.794,14531.617,-8406.226,399.15146,62149.45,9442.493,-34098.305,66588.68,-5035.933,49375.82,96061.11,-42588.887,-42130.547,-57794.242,34163.258,-38893.72,346.31396,-19070.158,-6755.189,52206.37,-21482.918,21264.77,16282.587,71701.74,-2361.0842,8787.109,-13139.324,6343.7183,2260.0864,17030.27,-43640.04,-7445.146,30236.336
192.168.1.17,-1229.3513,-4270.8115,-7026.5586,9604.16,-14274.889,20832.729,3139.5479,8526.919,43317.76,310.72156,7102.372,-1828.0931,-9909.196,-6919.746,-22053.79,-6250.3525,18737.668,25774.094,-3090.1125,-16217.124,-7383.5063,23728.361,-1170.2485,305.3522,9059.703,25084.766,-2997.668,-3468.1455,-24431.2,-18965.178,4455.3184,22955.734,10937.928,-22667.984,-8756.549,-35484.594,-3045.4172,5375.687,8427.547,4842.482,-39578.707,-17471.26,6449.3096,-2422.2778,-1467.868,-14589.052,12439.971,661.6103,3397.665,5876.793,-7344.355,19789.293,-29426.162,-6977.6626,-27060.143,42128.145,15125.773,7070.469,-782.70703,2987.0933,18067.277,9511.375,4155.1655,23019.887,-5654.4565,-2667.165,-9158.559,-22768.973,7901.4756,-16767.84,1139.0912,-13032.948,263.10544,-7091.4795,-10257.557,-4956.1562,10376.941,19612.17,6430.535,-1680.7278,-2625.172,9646.749,1505.5231,3286.5125,-16681.49,-16705.768,2208.1597,-19252.016,5102.885,18819.133,15367.05,-25049.23,-25081.01,20688.953,-1807.2386,-3895.4375,6464.3896,-4217.9395,680.85986,29262.158,5379.1475,-20580.576,33720.85,-1253.6958,22678.408,41672.67,-21038.107,-26631.598,-29758.96,18160.86,-17112.664,678.4422,-8481.188,-3740.7888,24101.768,-10986.772,12030.708,7149.748,33273.523,-411.96188,1747.7988,-7825.87,6840.99,2156.222,8998.0205,-20321.305,-1715.169,15104.573
192.168.1.13,-194.72812,-7937.056,-15395.086,23566.078,-23598.656,37028.453,10137.128,15909.867,80662.375,-1472.5978,10298.997,-1084.0051,-14585.621,-13722.9795,-38551.42,-9441.17,37035.062,43745.47,-6825.391,-29825.201,-14309.078,45416.457,-3526.8157,2067.6958,16277.47,45583.164,-7470.165,-3399.1057,-40836.207,-33504.867,9817.936,44458.445,21088.32,-39047.508,-13824.861,-62565.957,-7164.009,10002.613,12464.139,8741.213,-67874.88,-30026.82,8716.845,-856.47174,-5682.5767,-24500.205,22275.916,1465.1483,9339.851,8409.292,-11812.132,41983.047,-49343.65,-13898.525,-48248.18,72507.12,27852.506,11503.458,4342.773,5622.203,32478.66,16618.293,3803.232,41159.52,-6316.66,-6165.518,-13442.608,-36943.46,14992.131,-26509.14,3732.3398,-21121.344,1789.0531,-14314.34,-16364.189,-6248.835,19672.242,38217.36,7502.7676,-1253.554,-1748.9657,16026.859,3495.84,4487.5273,-29579.408,-26543.498,3991.2358,-35553.754,7824.567,35105.69,25124.562,-46732.113,-44655.516,38381.195,-2375.6821,-3066.4268,11667.345,-7903.5957,1226.2692,53423.977,9504.137,-33064.85,58719.75,-4110.9663,41623.312,82211.016,-37432.91,-39087.418,-49552.945,30280.47,-31801.064,1418.6554,-16259.299,-5841.05,45119.945,-20691.21,20617.406,13865.118,61895.32,-1480.2822,6429.919,-10392.204,7371.513,2265.6223,14744.155,-36430.527,-5561.6265,26959.23
192.168.1.16,-141.87744,-3612.5095,-6925.57,10693.666,-10619.169,16716.29,4581.1343,7163.0825,36376.023,-703.42255,4602.026,-441.50943,-6589.1377,-6251.378,-17413.742,-4219.916,16713.475,19728.178,-3101.8623,-13452.916,-6461.576,20529.172,-1623.4873,865.9056,7315.385,20517.27,-3380.803,-1512.0256,-18392.566,-15016.31,4434.375,20000.537,9478.344,-17618.814,-6210.6763,-28192.824,-3215.2415,4526.4956,5620.787,3960.688,-30579.117,-13569.603,3909.915,-321.0413,-2582.8928,-10938.018,10001.549,687.8099,4232.8623,3791.2317,-5342.599,18916.79,-22197.691,-6253.3784,-21780.227,32653.295,12616.493,5248.148,2001.3875,2558.8506,14609.85,7524.6343,1717.772,18518.074,-2890.172,-2773.0942,-6105.512,-16612.39,6783.6836,-11924.251,1674.5066,-9553.002,833.6458,-6465.5034,-7404.8066,-2836.4202,8855.638,17224.594,3346.292,-561.94086,-721.1598,7283.813,1602.1616,2029.948,-13300.774,-11970.486,1786.9865,-16013.352,3547.8936,15803.505,11294.074,-21062.11,-20127.486,17328.117,-1055.5127,-1362.7158,5247.467,-3576.225,557.61615,24079.834,4308.8657,-14889.004,26502.863,-1846.0527,18740.627,37089.85,-16868.781,-17570.826,-22323.242,13583.705,-14374.413,610.01056,-7319.1323,-2649.248,20350.53,-9418.602,9327.724,6289.4067,27924.898,-647.9329,2902.143,-4621.3535,3301.3035,990.27264,6684.5005,-16425.06,-2532.136,12107.444
192.168.1.11,-668.5086,-2872.5483,-4496.178,6112.837,-9416.065,13420.476,1987.2896,5898.5645,28341.346,23.139395,4669.2935,-1168.6422,-6522.7876,-4816.221,-14726.279,-4179.0615,12327.809,16829.701,-1985.0288,-10783.933,-4855.967,15555.617,-924.71893,191.53119,6191.3296,16080.936,-2178.548,-2172.0515,-16024.29,-12239.232,2808.1204,14926.717,7314.0786,-14672.502,-5424.02,-22973.467,-1956.2701,3287.887,5423.962,3283.2087,-25843.117,-11516.759,4370.3853,-1353.3739,-1058.4535,-9485.09,7837.1333,487.46512,2378.2349,3880.1208,-4870.0923,12788.665,-18935.121,-4715.7812,-17635.479,27127.41,9786.532,4501.9146,-351.30676,1823.7594,11480.098,5918.9546,2503.886,14781.965,-3878.2837,-1992.2136,-6018.244,-14740.568,5456.4663,-10941.832,824.62103,-8649.25,326.90976,-4540.24,-6481.104,-3099.127,6573.3115,12972.727,4242.5146,-1322.7427,-1732.7739,6273.139,841.4166,2171.9058,-10938.914,-10841.504,1539.0637,-12490.189,3471.9795,11997.355,10030.5,-16350.564,-16584.84,13524.737,-1096.5153,-2487.6926,4032.8115,-2858.5994,555.0078,18973.207,3668.1543,-13648.093,21923.387,-964.08527,14592.351,27392.053,-13701.589,-17166.059,-19071.482,11740.037,-10857.67,608.69507,-5489.489,-2329.612,15786.151,-7483.462,8052.82,4671.579,21667.0,-271.32086,1109.7351,-4751.4355,4473.764,1295.3267,5716.384,-12932.885,-1118.8611,9932.728
192.168.1.4,-2127.9502,-7500.2725,-11754.587,16430.52,-24777.836,35575.652,5216.5083,15412.755,74496.46,-196.77121,12026.492,-2800.3555,-17133.516,-13052.853,-38743.812,-10954.859,32512.191,44240.117,-5355.3096,-28164.914,-12802.904,41118.312,-2380.7766,348.3198,16096.356,42230.0,-5790.52,-5726.152,-41964.062,-31775.623,7430.568,39037.305,19011.748,-38708.832,-14227.763,-60301.727,-4981.026,8752.263,14305.534,8655.185,-67896.74,-30284.824,11421.722,-3449.2666,-2654.5803,-24555.191,20562.756,1366.6871,6253.8296,10116.262,-12895.5205,33436.95,-49518.457,-12474.185,-46507.098,71042.76,25812.852,12176.905,-945.6634,4955.7495,30098.85,15770.089,6458.2227,38684.438,-10215.122,-5172.576,-15759.287,-38510.652,14502.916,-28574.938,2234.0059,-22911.576,900.6329,-11971.626,-17245.357,-8207.979,17068.549,33937.234,10931.471,-3383.7588,-4337.209,16618.402,2343.2063,5600.9434,-28637.96,-28506.645,3862.3733,-32907.492,9073.691,31502.85,26152.139,-42938.85,-43410.93,35448.164,-2871.7449,-6562.9385,10556.028,-7599.805,1502.2936,49981.027,9816.802,-35758.3,57795.117,-2399.6077,38403.42,72101.016,-35947.92,-44999.64,-49949.074,30516.854,-28921.73,1503.2646,-14325.055,-6334.2007,41595.51,-19668.322,21304.512,12406.75,57045.41,-788.1246,2945.4968,-12492.902,11712.167,3342.3008,15177.678,-34071.895,-3122.237,25775.29
192.168.1.5,4050.5232,-10816.022,-23897.773,40962.957,-22490.83,42251.297,17772.299,12375.483,91824.61,-394.15012,6949.918,224.83063,-9212.27,-10650.635,-34837.57,-2229.4553,43748.09,41266.746,-9089.964,-30091.258,-14347.44,52800.16,-1905.7196,4205.4546,15015.496,56068.99,-6948.794,939.1089,-38213.12,-37155.324,15212.796,55298.453,23718.736,-42092.566,-17618.578,-69997.484,-9291.07,20198.523,8583.973,8976.521,-68358.22,-25997.148,1934.0764,2629.54,-8153.921,-23346.232,29123.084,451.7167,11167.812,6682.8774,-9500.635,59993.55,-51139.04,-16241.731,-51793.97,80610.76,35041.223,9953.694,10970.603,7923.077,41830.28,21745.86,2600.5784,47619.402,5350.566,-4269.9146,-8111.469,-38414.766,12561.721,-25182.0,7194.3228,-18894.436,2678.5588,-19790.76,-20989.295,-5366.2,26290.008,42485.26,1094.593,3763.6814,6971.427,15807.782,8219.74,1009.2396,-30086.44,-23566.432,6047.081,-42129.074,5411.596,44882.15,25740.566,-53022.38,-41947.16,43741.508,-2425.4587,209.49786,14325.227,-6877.635,-2908.0745,60274.04,7317.042,-24449.387,59677.082,-6928.713,48268.37,98751.2,-39065.906,-32988.97,-54808.89,31404.838,-41177.8,-2335.085,-20072.135,-7286.2686,54354.168,-16759.934,14210.817,15310.444,72284.75,-3599.4766,13445.086,-12214.953,996.0572,-554.7521,13333.084,-44356.977,-9254.73,28581.045
192.168.1.12,1170.9923,-3970.5522,-9471.857,15132.292,-10003.662,17931.396,6989.5454,5526.1772,38925.477,225.19452,3784.3005,-481.38925,-5068.156,-4423.7803,-15562.912,-2135.7402,18134.992,18957.516,-3431.9905,-13188.648,-6351.583,22044.223,-1073.9324,1739.0458,6719.369,23959.594,-2677.8787,-637.1424,-17455.14,-16632.752,6084.409,23039.932,9986.755,-18395.1,-7628.936,-30206.951,-4012.1016,7244.5254,4587.3535,3750.6194,-30467.635,-12091.453,1879.3549,81.098015,-3247.1946,-11101.639,12485.538,333.2681,4327.066,3222.6882,-4456.289,23973.64,-23201.37,-6520.8623,-22549.342,35335.418,14317.764,4585.5957,3753.0154,3121.323,17435.09,9218.911,1856.8358,20690.24,814.5881,-1847.107,-4269.688,-17281.93,5420.29,-11319.433,2319.221,-8191.2383,459.89276,-7852.146,-8323.77,-2671.296,11185.8955,18319.654,1791.5215,999.6812,1146.854,6697.5645,3173.7188,1310.1603,-13429.568,-11084.237,2223.8523,-17783.299,2480.4082,18816.377,11284.915,-22525.363,-19150.982,18628.4,-1173.6135,-384.96207,6263.481,-3031.979,-791.8402,25888.062,3210.0388,-12178.6875,26779.135,-2410.4978,20874.328,40961.594,-17186.02,-15978.5,-24301.672,14312.129,-16861.424,-505.258,-8384.155,-2852.349,22350.416,-7595.247,7168.477,6650.547,30173.812,-1332.1031,4647.755,-5808.953,1567.9922,579.58,6447.098,-18904.605,-3356.6206,12649.206
192.168.1.15,-240.67332,-973.3013,-1044.7488,1293.7684,-3260.7134,3811.7856,170.54541,2425.8984,8512.551,-237.46228,1731.3486,-484.2253,-2372.5427,-2049.747,-5103.285,-1576.7365,3716.0657,5328.1343,-500.06967,-3612.6313,-1471.3812,4636.1675,-439.2425,-141.53099,2287.3083,4160.2397,-906.08624,-688.0482,-5316.1724,-3341.5889,542.1198,4198.675,2531.445,-4363.289,-1234.7869,-6745.033,-404.85822,629.58325,1672.5168,1218.9536,-8160.672,-4001.9778,2053.96,-115.52916,-325.62723,-2924.9893,1740.5471,201.4338,825.4278,1428.495,-1631.4175,3197.3943,-5512.7993,-1654.5706,-5531.8633,7798.683,2812.4927,1261.663,-190.08658,433.77713,2913.1484,1358.3741,584.73663,4090.0256,-1702.5363,-893.9128,-2071.7031,-4488.874,2223.6677,-3541.5222,242.30702,-3200.2634,308.30762,-1213.79,-1793.8162,-856.9265,1472.7286,3954.047,1591.8058,-995.6479,-821.5656,2089.8257,-133.2445,701.4503,-3344.904,-3413.9302,732.33276,-3553.2083,1441.9622,2889.2478,3124.8696,-4975.1934,-5467.9,4029.8225,-288.50885,-889.7352,813.9152,-934.6014,397.39893,5375.846,1400.9565,-4734.807,6716.8564,-372.89774,3844.918,8144.4204,-4046.5447,-5447.2515,-5289.543,3450.7788,-2838.9487,565.5898,-1363.444,-543.0589,4886.0293,-2775.3647,2852.5847,1283.0944,6549.1357,-5.4945126,29.746143,-973.67175,1779.2491,272.7814,1493.7816,-3235.1565,-247.65,3118.7278
192.168.1.9,686.941,-5937.588,-12958.086,20605.07,-16449.697,27461.34,9376.698,10398.932,59548.5,-794.6657,6543.961,-425.15042,-9163.259,-9003.389,-26268.674,-5135.0503,27768.846,30617.035,-5353.1997,-21154.643,-10450.538,34012.547,-2297.1003,2032.5848,11198.364,34882.086,-5248.2866,-1424.749,-28234.191,-24509.537,8293.774,33891.473,15437.178,-28313.508,-10502.221,-45825.523,-5614.9263,8944.38,7846.894,6226.1006,-47982.562,-20583.55,4627.019,172.9906,-4943.531,-17102.807,17374.508,992.1422,7213.7827,5289.9473,-7834.919,33826.992,-35518.47,-10278.842,-35041.156,52981.516,21248.1,7975.9053,4856.4175,4565.495,24977.324,13111.693,2290.8748,30829.24,-1926.2898,-3936.1414,-8232.46,-26403.31,10002.494,-18120.283,3366.2012,-14122.787,1205.3427,-11350.539,-12265.548,-4226.9697,15423.434,28219.56,3848.6338,238.77774,377.86716,11128.705,3655.4463,2700.488,-21266.271,-18115.549,3054.9133,-26529.756,5016.4736,27171.156,17678.03,-34767.965,-31261.799,28341.541,-1719.3914,-1055.2631,9092.336,-5489.904,61.910374,39541.098,6177.019,-21322.094,42131.99,-3602.5176,31267.357,62222.29,-26966.867,-25896.598,-36245.598,21445.299,-24832.912,252.41689,-12322.705,-4115.3975,33751.78,-14029.074,13405.742,10423.382,45927.414,-1621.3756,5965.551,-7769.9243,3659.2773,1047.6527,10514.813,-27537.742,-4901.6245,19334.9
192.168.1.20,7092.008,-13667.959,-28971.957,51235.324,-20378.672,44729.086,18321.354,9776.999,95980.21,909.6746,4638.242,3110.791,-3454.321,-5523.478,-30420.521,5985.3037,45695.754,36436.91,-11497.313,-27000.336,-14733.354,52246.965,-842.86017,2129.2864,10665.867,61229.566,-7368.451,4881.1133,-34326.523,-36861.285,18186.191,60165.043,20837.57,-42185.465,-22192.645,-74148.85,-8289.525,30300.355,5793.074,9254.424,-67248.086,-20872.992,-982.95935,2130.2356,-7221.849,-20925.85,35085.297,-267.7433,9868.767,6978.199,-7360.401,70741.34,-52657.984,-17220.996,-52771.734,85802.06,39593.844,8748.185,14288.852,8286.028,47288.715,24247.166,2900.4456,50677.355,12601.983,-1774.5875,-8161.3696,-37696.652,7161.3555,-26458.63,9239.326,-19573.24,3205.0605,-24321.543,-26600.533,-6490.305,28793.797,40465.66,-3954.2861,8847.281,13581.764,18758.445,9379.122,-5764.7563,-28857.139,-20622.604,6769.365,-41850.18,3614.8865,52380.836,26574.424,-57597.332,-35965.348,45612.7,-4496.1387,1789.7327,15664.945,-4895.8047,-4676.1494,63037.324,5798.551,-17075.2,53583.934,-7604.8335,51727.93,105750.625,-40794.863,-31019.678,-57049.586,33491.95,-46840.08,-4571.4062,-21957.777,-8645.16,58842.938,-11947.309,6151.9756,14307.379,78825.5,-979.3648,18354.775,-14695.787,-4721.018,-146.59776,11465.8545,-50721.367,-15134.1875,28207.062
192.168.1.2,1875.3092,-5591.702,-12637.585,21207.008,-12618.283,23092.393,9623.191,7031.4995,50281.215,-188.09886,4068.7795,-112.89759,-5847.875,-6130.1445,-19795.885,-1881.2578,23798.488,23545.848,-4831.477,-16861.123,-8144.3296,29064.145,-1346.4484,2137.7034,8624.997,30666.674,-3693.9958,-64.63847,-21658.367,-20550.283,8128.3794,29846.445,12992.229,-23373.596,-9524.05,-38512.043,-5171.927,10172.777,5185.8965,5041.14,-38260.273,-15081.391,1735.0076,1255.4253,-4558.3154,-13058.3,15782.759,514.70013,5966.9033,3886.4465,-5459.58,31846.777,-28507.725,-8795.387,-28797.346,44460.547,18995.545,5733.812,5721.3594,4335.342,22457.396,11736.922,1706.5486,26192.766,1933.2965,-2383.3838,-4862.776,-21529.9,7209.909,-14050.08,3493.8762,-10508.002,1180.6298,-10485.809,-10915.962,-3068.5305,14249.176,23605.672,1316.6367,1504.3291,2853.8267,8593.552,4434.9814,1135.6564,-16834.758,-13572.784,3169.691,-22992.666,3172.0603,24177.969,14073.993,-29102.225,-23869.457,24023.531,-1342.0256,-21.126944,7815.092,-3941.991,-1378.4563,33079.777,4210.4355,-14423.91,33760.91,-3592.6096,26532.273,53846.996,-21632.83,-18856.066,-30405.578,17430.434,-22189.262,-968.20215,-10838.931,-3685.6624,29441.203,-9832.706,8733.053,8633.211,39173.87,-1922.0967,6670.4697,-6778.3745,1235.544,32.82291,7828.5674,-24079.969,-4746.678,15824.642
192.168.1.14,1310.2202,-2009.3986,-4296.438,7555.471,-3446.662,6110.17,3137.7524,2364.2844,14105.268,-217.72847,437.61365,623.4253,-445.6098,-1813.1879,-5460.916,944.317,6886.295,5280.644,-1693.5654,-4479.583,-2721.68,8258.455,-667.1562,283.53058,2377.9358,8236.131,-1361.7574,1188.4576,-5071.2686,-5181.5664,2471.9417,8696.872,3931.5405,-5608.798,-2386.9517,-10613.472,-1284.8995,4279.0176,497.34363,1477.2953,-9481.917,-3380.7466,-30.362972,1484.646,-1590.0675,-2523.9646,4145.0127,108.25794,2110.8474,646.91595,-954.0683,10360.722,-6588.091,-2794.643,-7497.089,11452.241,6061.7617,527.13574,2618.2092,1244.4852,6599.1016,2924.346,-358.04327,7296.3716,1602.2124,-872.7038,-1054.9664,-5218.3003,2003.5636,-3578.0596,1896.543,-2715.2002,1328.4158,-3569.0073,-3499.9238,-692.3602,3817.9966,6788.1753,-496.29895,824.7077,2405.3901,2567.8167,1274.577,-746.6219,-4425.871,-2871.6853,1598.7852,-6368.122,754.79767,7093.6016,3944.6147,-8682.487,-5663.5015,7069.165,-634.1021,643.77606,1923.0183,-879.9989,-457.9504,8737.52,1214.1427,-2752.8696,7488.568,-1864.2717,7185.482,16279.744,-5465.225,-3541.595,-7300.9595,4047.94,-6554.011,-453.79953,-3371.1606,-1048.618,8787.505,-2853.1094,1360.1466,2097.7197,11719.968,-433.42798,3090.6272,-874.1329,-911.5855,-393.8333,1226.839,-6676.406,-2182.6619,4067.6624
192.168.1.3,1216.4109,-1294.2865,-2781.135,7941.8843,-375.69818,3441.656,1856.6172,988.4461,8604.745,406.73752,-464.76187,1916.371,3242.6003,-1068.5435,-1393.6569,3788.35,2836.542,-406.5694,-233.5337,-946.34314,-2461.1487,3051.9153,-8.875197,-1888.7227,-429.19608,4743.909,-1630.5315,1397.8574,-904.70715,-2853.259,2715.4534,4212.3843,-160.11201,-1363.003,-1582.4116,-4052.8386,3.7705855,4197.839,515.33875,986.4282,-2295.5698,928.82825,-289.7579,1150.47,-761.8339,1388.3813,4096.217,-392.64728,-549.63245,-83.92402,453.88837,6892.884,-2158.1926,-2149.5137,-3156.191,4677.3843,4712.6777,-1063.1652,2447.5342,346.43335,4481.3257,1413.9711,-992.3846,3886.1055,3635.1123,1452.5245,-1157.7991,-1039.5931,-477.89328,-796.5926,541.12494,-1317.4305,2026.937,-2932.9353,-2400.8564,-2462.2625,1326.5365,2592.8643,-1832.8855,1622.0594,1514.3253,2351.9207,431.75186,-3028.8965,-734.3225,-746.2759,2193.293,-2837.5647,-1777.9734,5756.867,220.59421,-3931.165,-884.52057,2031.9791,40.689102,2496.9788,80.56311,1231.8531,-606.4961,4064.9822,-74.20025,1572.042,838.2019,-1599.6566,4236.9014,8020.7427,-1281.1049,-107.67382,-3524.2104,2856.8418,-3974.004,-1567.5116,-2485.3176,-557.42053,4784.7285,242.90237,-1880.6537,2293.8286,6715.2188,861.4678,2902.7769,-876.2674,-2173.3274,-1148.5542,363.4679,-3979.3486,-3673.0525,1438.9493
